{"mark_type": 0.94, "var_types_x": 0.47, "var_types_y": 1.0, "var_names_x": 1.0, "var_names_y": 0.46, "_timestamp": 1727421669.2833142, "_runtime": 12136.207638263702, "_step": 37, "loss": 0.007605868857353926, "_wandb": {"runtime": 13300}}