{"val1_y_name": 1.0, "val2_y_name": 0.51, "loss": 7.386696233879775e-05, "_timestamp": 1727924804.4948618, "_runtime": 23969.900048732758, "_step": 50, "_wandb": {"runtime": 23969}}