{"acc": 0.8865354464661258, "loss": 0.10585372886371833, "_timestamp": 1693411454.8296323, "_runtime": 71.37975716590881, "_step": 7, "_wandb": {"runtime": 80}}