{"val1_y_name": 1.0, "val2_y_name": 0.69, "loss": 1.215306282043457, "_timestamp": 1729279096.5250762, "_runtime": 13444.097962141037, "_step": 22}