{"mark_type": 1.0, "var_types_x": 1.0, "var_types_y": 1.0, "var_names_x": 1.0, "var_names_y": 0.96, "_timestamp": 1718824699.6048117, "_runtime": 1840.2006387710571, "_step": 7, "loss": 0.009176771156489849}