{"val1_y_name": 1.0, "val2_y_name": 0.63, "loss": 2.6247944831848145, "_timestamp": 1728041698.3221064, "_runtime": 52489.016201257706, "_step": 100, "_wandb": {"runtime": 53307}}