{"val1_y_name": 1.0, "val2_y_name": 0.71, "loss": 0.04841804876923561, "_timestamp": 1727952379.587658, "_runtime": 26367.7170920372, "_step": 50, "_wandb": {"runtime": 26367}}