{"val1_y_name": 0.9, "val2_y_name": 0.44, "loss": 0.3606113791465759, "_timestamp": 1728082849.5748982, "_runtime": 28920.227734327316, "_step": 39}