{"val1_y_name": 1.0, "val2_y_name": NaN, "loss": 0.0430510975420475, "_timestamp": 1728102314.294175, "_runtime": 54806.47503185272, "_step": 100, "_wandb": {"runtime": 55632}}