{"mark_type": 0.0, "var_types_x": 0.0, "var_types_y": 0.0, "var_names_x": 0.0, "var_names_y": 0.0, "_timestamp": 1727408331.7274709, "_runtime": 3013.6967079639435, "_step": 37, "loss": 0.5540090203285217, "_wandb": {"runtime": 4102}}