{"val1_y_name": 1.0, "_timestamp": 1727900400.7714581, "_runtime": 457.7248282432556, "_step": 2, "val2_y_name": 0.72, "loss": 2.4379069805145264, "_wandb": {"runtime": 595}}