{"val1_y_name": 1.0, "val2_y_name": 0.61, "loss": 0.0007350395317189395, "_timestamp": 1727988771.0246432, "_runtime": 17124.783741235733, "_step": 30, "_wandb": {"runtime": 17503}}