{"acc": 0.7694117871062451, "loss": 0.19711832160164203, "_timestamp": 1693411265.9688804, "_runtime": 1.185476303100586, "_step": 7, "_wandb": {"runtime": 0}}