{"acc": 0.7775829598855959, "loss": 0.2983251453858505, "_timestamp": 1693411116.1281815, "_runtime": 1.4690215587615967, "_step": 7, "_wandb": {"runtime": 0}}