{"mark_type": 0.0, "var_types_x": 0.0, "var_types_y": 0.0, "var_names_x": 0.0, "var_names_y": 0.0, "_timestamp": 1718822750.3936508, "_runtime": 45.32581686973572, "_step": 5, "loss": 3.6939432621002197, "_wandb": {"runtime": 145}}