{"y_name": NaN, "_timestamp": 1727898697.7664099, "_runtime": 236.7586989402771, "_step": 1, "loss": 12.146766662597656, "_wandb": {"runtime": 293}}