{"mark_type": 0.95, "var_types_x": 0.42, "var_types_y": 1.0, "var_names_x": 1.0, "var_names_y": 0.36, "_timestamp": 1727486587.3033717, "_runtime": 29799.458475589752, "_step": 61, "loss": 0.0008367281407117844, "_wandb": {"runtime": 30619}}